uniprot_id	aa_pos	aa_ref	aa_alt	pdb_filename	aa_pos_file	ac_case	ac_control
O15047	2	D	Y	AF-O15047-F1-model_v4.pdb.gz	2	1	0
O15047	6	G	E	AF-O15047-F1-model_v4.pdb.gz	6	1	0
O15047	14	S	N	AF-O15047-F1-model_v4.pdb.gz	14	2	0
O15047	15	F	L	AF-O15047-F1-model_v4.pdb.gz	15	2	0
O15047	24	V	M	AF-O15047-F1-model_v4.pdb.gz	24	1	0
O15047	42	Y	C	AF-O15047-F1-model_v4.pdb.gz	42	1	0
O15047	58	E	K	AF-O15047-F1-model_v4.pdb.gz	58	1	0
O15047	75	S	F	AF-O15047-F1-model_v4.pdb.gz	75	1	0
O15047	79	P	A	AF-O15047-F1-model_v4.pdb.gz	79	1	0
O15047	100	R	S	AF-O15047-F1-model_v4.pdb.gz	100	1	0
O15047	105	V	M	AF-O15047-F1-model_v4.pdb.gz	105	2	0
O15047	127	L	F	AF-O15047-F1-model_v4.pdb.gz	127	5	0
O15047	131	T	M	AF-O15047-F1-model_v4.pdb.gz	131	5	0
O15047	136	G	D	AF-O15047-F1-model_v4.pdb.gz	136	2	0
O15047	146	R	Q	AF-O15047-F1-model_v4.pdb.gz	146	1	0
O15047	153	K	R	AF-O15047-F1-model_v4.pdb.gz	153	1	0
O15047	165	I	T	AF-O15047-F1-model_v4.pdb.gz	165	1	0
O15047	173	G	V	AF-O15047-F1-model_v4.pdb.gz	173	1	0
O15047	186	G	D	AF-O15047-F1-model_v4.pdb.gz	186	1	0
O15047	193	V	M	AF-O15047-F1-model_v4.pdb.gz	193	2	0
O15047	200	L	P	AF-O15047-F1-model_v4.pdb.gz	200	1	0
O15047	203	K	R	AF-O15047-F1-model_v4.pdb.gz	203	1	0
O15047	204	F	I	AF-O15047-F1-model_v4.pdb.gz	204	1	0
O15047	206	G	D	AF-O15047-F1-model_v4.pdb.gz	206	1	0
O15047	211	T	I	AF-O15047-F1-model_v4.pdb.gz	211	1	0
O15047	214	A	S	AF-O15047-F1-model_v4.pdb.gz	214	1	0
O15047	236	T	S	AF-O15047-F1-model_v4.pdb.gz	236	1	0
O15047	236	T	I	AF-O15047-F1-model_v4.pdb.gz	236	2	0
O15047	243	C	S	AF-O15047-F1-model_v4.pdb.gz	243	1	0
O15047	254	Q	E	AF-O15047-F1-model_v4.pdb.gz	254	1	0
O15047	263	F	L	AF-O15047-F1-model_v4.pdb.gz	263	1	0
O15047	272	P	S	AF-O15047-F1-model_v4.pdb.gz	272	1	0
O15047	286	A	T	AF-O15047-F1-model_v4.pdb.gz	286	1	0
O15047	286	A	V	AF-O15047-F1-model_v4.pdb.gz	286	1	0
O15047	314	F	Y	AF-O15047-F1-model_v4.pdb.gz	314	1	0
O15047	361	S	T	AF-O15047-F1-model_v4.pdb.gz	361	1	0
O15047	379	H	R	AF-O15047-F1-model_v4.pdb.gz	379	1	0
O15047	388	T	A	AF-O15047-F1-model_v4.pdb.gz	388	1	0
O15047	389	R	W	AF-O15047-F1-model_v4.pdb.gz	389	1	0
O15047	389	R	Q	AF-O15047-F1-model_v4.pdb.gz	389	1	0
O15047	392	P	S	AF-O15047-F1-model_v4.pdb.gz	392	1	0
O15047	408	S	P	AF-O15047-F1-model_v4.pdb.gz	408	1	0
O15047	416	E	Q	AF-O15047-F1-model_v4.pdb.gz	416	1	0
O15047	441	G	V	AF-O15047-F1-model_v4.pdb.gz	441	1	0
O15047	450	S	I	AF-O15047-F1-model_v4.pdb.gz	450	1	0
O15047	464	S	Y	AF-O15047-F1-model_v4.pdb.gz	464	1	0
O15047	468	S	C	AF-O15047-F1-model_v4.pdb.gz	468	1	0
O15047	492	I	M	AF-O15047-F1-model_v4.pdb.gz	492	1	0
O15047	499	Q	H	AF-O15047-F1-model_v4.pdb.gz	499	1	0
O15047	502	K	T	AF-O15047-F1-model_v4.pdb.gz	502	1	0
O15047	517	S	N	AF-O15047-F1-model_v4.pdb.gz	517	1	0
O15047	519	M	V	AF-O15047-F1-model_v4.pdb.gz	519	1	0
O15047	525	D	V	AF-O15047-F1-model_v4.pdb.gz	525	1	0
O15047	541	P	S	AF-O15047-F1-model_v4.pdb.gz	541	1	0
O15047	545	P	A	AF-O15047-F1-model_v4.pdb.gz	545	1	0
O15047	550	D	V	AF-O15047-F1-model_v4.pdb.gz	550	1	0
O15047	555	G	R	AF-O15047-F1-model_v4.pdb.gz	555	1	0
O15047	558	E	K	AF-O15047-F1-model_v4.pdb.gz	558	1	0
O15047	566	P	S	AF-O15047-F1-model_v4.pdb.gz	566	1	0
O15047	566	P	L	AF-O15047-F1-model_v4.pdb.gz	566	1	0
O15047	586	S	A	AF-O15047-F1-model_v4.pdb.gz	586	3	0
O15047	586	S	Y	AF-O15047-F1-model_v4.pdb.gz	586	2	0
O15047	587	D	N	AF-O15047-F1-model_v4.pdb.gz	587	1	0
O15047	596	P	R	AF-O15047-F1-model_v4.pdb.gz	596	1	0
O15047	601	P	S	AF-O15047-F1-model_v4.pdb.gz	601	1	0
O15047	608	P	S	AF-O15047-F1-model_v4.pdb.gz	608	1	0
O15047	640	G	R	AF-O15047-F1-model_v4.pdb.gz	640	1	0
O15047	647	P	A	AF-O15047-F1-model_v4.pdb.gz	647	1	0
O15047	649	P	L	AF-O15047-F1-model_v4.pdb.gz	649	1	0
O15047	698	G	E	AF-O15047-F1-model_v4.pdb.gz	698	1	0
O15047	704	A	T	AF-O15047-F1-model_v4.pdb.gz	704	1	0
O15047	712	G	R	AF-O15047-F1-model_v4.pdb.gz	712	1	0
O15047	716	L	F	AF-O15047-F1-model_v4.pdb.gz	716	1	0
O15047	736	G	R	AF-O15047-F1-model_v4.pdb.gz	736	1	0
O15047	736	G	E	AF-O15047-F1-model_v4.pdb.gz	736	2	0
O15047	738	E	K	AF-O15047-F1-model_v4.pdb.gz	738	1	0
O15047	739	G	D	AF-O15047-F1-model_v4.pdb.gz	739	1	0
O15047	753	P	L	AF-O15047-F1-model_v4.pdb.gz	753	1	0
O15047	762	S	F	AF-O15047-F1-model_v4.pdb.gz	762	2	0
O15047	778	E	G	AF-O15047-F1-model_v4.pdb.gz	778	1	0
O15047	796	A	T	AF-O15047-F1-model_v4.pdb.gz	796	1	0
O15047	804	S	N	AF-O15047-F1-model_v4.pdb.gz	804	1	0
O15047	808	R	Q	AF-O15047-F1-model_v4.pdb.gz	808	1	0
O15047	812	R	C	AF-O15047-F1-model_v4.pdb.gz	812	1	0
O15047	812	R	H	AF-O15047-F1-model_v4.pdb.gz	812	1	0
O15047	822	A	T	AF-O15047-F1-model_v4.pdb.gz	822	3	0
O15047	830	K	R	AF-O15047-F1-model_v4.pdb.gz	830	1	0
O15047	839	N	H	AF-O15047-F1-model_v4.pdb.gz	839	1	0
O15047	897	R	W	AF-O15047-F1-model_v4.pdb.gz	897	1	0
O15047	906	A	V	AF-O15047-F1-model_v4.pdb.gz	906	1	0
O15047	907	S	R	AF-O15047-F1-model_v4.pdb.gz	907	1	0
O15047	908	E	K	AF-O15047-F1-model_v4.pdb.gz	908	1	0
O15047	910	K	N	AF-O15047-F1-model_v4.pdb.gz	910	1	0
O15047	925	P	R	AF-O15047-F1-model_v4.pdb.gz	925	1	0
O15047	932	G	A	AF-O15047-F1-model_v4.pdb.gz	932	1	0
O15047	949	G	S	AF-O15047-F1-model_v4.pdb.gz	949	1	0
O15047	983	E	A	AF-O15047-F1-model_v4.pdb.gz	983	1	0
O15047	984	D	Y	AF-O15047-F1-model_v4.pdb.gz	984	1	0
O15047	998	K	E	AF-O15047-F1-model_v4.pdb.gz	998	1	0
O15047	1002	E	K	AF-O15047-F1-model_v4.pdb.gz	1002	1	0
O15047	1007	E	D	AF-O15047-F1-model_v4.pdb.gz	1007	1	0
O15047	1015	S	P	AF-O15047-F1-model_v4.pdb.gz	1015	1	0
O15047	1029	S	G	AF-O15047-F1-model_v4.pdb.gz	1029	2	0
O15047	1064	D	E	AF-O15047-F1-model_v4.pdb.gz	1064	1	0
O15047	1075	P	S	AF-O15047-F1-model_v4.pdb.gz	1075	1	0
O15047	1089	P	A	AF-O15047-F1-model_v4.pdb.gz	1089	1	0
O15047	1097	P	L	AF-O15047-F1-model_v4.pdb.gz	1097	1	0
O15047	1101	A	P	AF-O15047-F1-model_v4.pdb.gz	1101	1	0
O15047	1101	A	V	AF-O15047-F1-model_v4.pdb.gz	1101	1	0
O15047	1116	A	G	AF-O15047-F1-model_v4.pdb.gz	1116	1	0
O15047	1119	A	T	AF-O15047-F1-model_v4.pdb.gz	1119	1	0
O15047	1139	G	R	AF-O15047-F1-model_v4.pdb.gz	1139	1	0
O15047	1139	G	E	AF-O15047-F1-model_v4.pdb.gz	1139	2	0
O15047	1164	R	C	AF-O15047-F1-model_v4.pdb.gz	1164	1	0
O15047	1172	A	P	AF-O15047-F1-model_v4.pdb.gz	1172	1	0
O15047	1175	V	M	AF-O15047-F1-model_v4.pdb.gz	1175	1	0
O15047	1199	A	T	AF-O15047-F1-model_v4.pdb.gz	1199	2	0
O15047	1205	R	G	AF-O15047-F1-model_v4.pdb.gz	1205	1	0
O15047	1205	R	P	AF-O15047-F1-model_v4.pdb.gz	1205	1	0
O15047	1229	G	D	AF-O15047-F1-model_v4.pdb.gz	1229	1	0
O15047	1244	E	K	AF-O15047-F1-model_v4.pdb.gz	1244	1	0
O15047	1253	L	V	AF-O15047-F1-model_v4.pdb.gz	1253	1	0
O15047	1258	D	N	AF-O15047-F1-model_v4.pdb.gz	1258	1	0
O15047	1262	T	N	AF-O15047-F1-model_v4.pdb.gz	1262	2	0
O15047	1264	A	S	AF-O15047-F1-model_v4.pdb.gz	1264	1	0
O15047	1286	A	D	AF-O15047-F1-model_v4.pdb.gz	1286	1	0
O15047	1296	I	L	AF-O15047-F1-model_v4.pdb.gz	1296	1	0
O15047	1322	P	T	AF-O15047-F1-model_v4.pdb.gz	1322	1	0
O15047	1339	P	S	AF-O15047-F1-model_v4.pdb.gz	1339	1	0
O15047	1355	Q	L	AF-O15047-F1-model_v4.pdb.gz	1355	4	0
O15047	1381	S	N	AF-O15047-F1-model_v4.pdb.gz	1381	2	0
O15047	1387	G	S	AF-O15047-F1-model_v4.pdb.gz	1387	1	0
O15047	1389	L	F	AF-O15047-F1-model_v4.pdb.gz	1389	1	0
O15047	1417	P	T	AF-O15047-F1-model_v4.pdb.gz	1417	1	0
O15047	1433	S	L	AF-O15047-F1-model_v4.pdb.gz	1433	2	0
O15047	1442	Y	F	AF-O15047-F1-model_v4.pdb.gz	1442	1	0
O15047	1443	L	V	AF-O15047-F1-model_v4.pdb.gz	1443	1	0
O15047	1457	A	S	AF-O15047-F1-model_v4.pdb.gz	1457	1	0
O15047	1461	N	S	AF-O15047-F1-model_v4.pdb.gz	1461	1	0
O15047	1484	D	N	AF-O15047-F1-model_v4.pdb.gz	1484	2	0
O15047	1495	R	C	AF-O15047-F1-model_v4.pdb.gz	1495	3	0
O15047	1495	R	H	AF-O15047-F1-model_v4.pdb.gz	1495	1	0
O15047	1497	E	K	AF-O15047-F1-model_v4.pdb.gz	1497	1	0
O15047	1509	K	E	AF-O15047-F1-model_v4.pdb.gz	1509	2	0
O15047	1530	N	S	AF-O15047-F1-model_v4.pdb.gz	1530	1	0
O15047	1539	E	K	AF-O15047-F1-model_v4.pdb.gz	1539	1	0
O15047	1542	R	Q	AF-O15047-F1-model_v4.pdb.gz	1542	1	0
O15047	1546	A	T	AF-O15047-F1-model_v4.pdb.gz	1546	1	0
O15047	1547	I	V	AF-O15047-F1-model_v4.pdb.gz	1547	1	0
O15047	1586	E	K	AF-O15047-F1-model_v4.pdb.gz	1586	1	0
O15047	1591	D	A	AF-O15047-F1-model_v4.pdb.gz	1591	1	0
O15047	1592	E	K	AF-O15047-F1-model_v4.pdb.gz	1592	1	0
O15047	1603	R	C	AF-O15047-F1-model_v4.pdb.gz	1603	2	0
O15047	1603	R	H	AF-O15047-F1-model_v4.pdb.gz	1603	1	0
O15047	1610	R	W	AF-O15047-F1-model_v4.pdb.gz	1610	2	0
O15047	1610	R	Q	AF-O15047-F1-model_v4.pdb.gz	1610	2	0
O15047	1617	E	V	AF-O15047-F1-model_v4.pdb.gz	1617	1	0
O15047	1623	Y	C	AF-O15047-F1-model_v4.pdb.gz	1623	1	0
O15047	1634	D	N	AF-O15047-F1-model_v4.pdb.gz	1634	1	0
O15047	1644	F	C	AF-O15047-F1-model_v4.pdb.gz	1644	1	0
O15047	1651	P	T	AF-O15047-F1-model_v4.pdb.gz	1651	1	0
O15047	1654	Y	H	AF-O15047-F1-model_v4.pdb.gz	1654	1	0
O15047	1657	V	I	AF-O15047-F1-model_v4.pdb.gz	1657	1	0
O15047	1666	I	N	AF-O15047-F1-model_v4.pdb.gz	1666	1	0
O15047	1670	S	F	AF-O15047-F1-model_v4.pdb.gz	1670	1	0
O15047	1681	T	P	AF-O15047-F1-model_v4.pdb.gz	1681	1	0
O15047	1703	R	W	AF-O15047-F1-model_v4.pdb.gz	1703	2	0
O15047	1704	G	V	AF-O15047-F1-model_v4.pdb.gz	1704	1	0
