uniprot_id	aa_pos	aa_ref	aa_alt	pdb_filename	aa_pos_file	ac_case	ac_control	ac_case_real	ac_control_real
O15047	7	G	V	AF-O15047-F1-model_v4.pdb.gz	7	2	4	2	4
O15047	30	P	S	AF-O15047-F1-model_v4.pdb.gz	30	4	1	4	1
O15047	35	P	S	AF-O15047-F1-model_v4.pdb.gz	35	1	6	1	7
O15047	35	P	L	AF-O15047-F1-model_v4.pdb.gz	35	0	1	1	7
O15047	50	N	I	AF-O15047-F1-model_v4.pdb.gz	50	4	4	4	4
O15047	51	D	E	AF-O15047-F1-model_v4.pdb.gz	51	1	1	1	1
O15047	55	I	V	AF-O15047-F1-model_v4.pdb.gz	55	1	5	1	6
O15047	55	I	M	AF-O15047-F1-model_v4.pdb.gz	55	0	1	1	6
O15047	69	S	T	AF-O15047-F1-model_v4.pdb.gz	69	1	2	7	2
O15047	69	S	P	AF-O15047-F1-model_v4.pdb.gz	69	5	0	7	2
O15047	69	S	F	AF-O15047-F1-model_v4.pdb.gz	69	1	0	7	2
O15047	73	D	E	AF-O15047-F1-model_v4.pdb.gz	73	2	1	2	1
O15047	87	Y	F	AF-O15047-F1-model_v4.pdb.gz	87	1	2	1	2
O15047	106	R	W	AF-O15047-F1-model_v4.pdb.gz	106	1	0	4	2
O15047	106	R	Q	AF-O15047-F1-model_v4.pdb.gz	106	3	2	4	2
O15047	115	R	H	AF-O15047-F1-model_v4.pdb.gz	115	2	1	2	1
O15047	130	R	G	AF-O15047-F1-model_v4.pdb.gz	130	1	0	1	1
O15047	130	R	C	AF-O15047-F1-model_v4.pdb.gz	130	0	1	1	1
O15047	132	R	C	AF-O15047-F1-model_v4.pdb.gz	132	1	0	1	2
O15047	132	R	H	AF-O15047-F1-model_v4.pdb.gz	132	0	2	1	2
O15047	143	T	A	AF-O15047-F1-model_v4.pdb.gz	143	5	1	5	1
O15047	164	I	V	AF-O15047-F1-model_v4.pdb.gz	164	3	1	3	1
O15047	166	H	Y	AF-O15047-F1-model_v4.pdb.gz	166	0	1	1	1
O15047	166	H	Q	AF-O15047-F1-model_v4.pdb.gz	166	1	0	1	1
O15047	191	Q	H	AF-O15047-F1-model_v4.pdb.gz	191	2	1	2	1
O15047	199	A	S	AF-O15047-F1-model_v4.pdb.gz	199	0	1	1	1
O15047	199	A	V	AF-O15047-F1-model_v4.pdb.gz	199	1	0	1	1
O15047	202	E	K	AF-O15047-F1-model_v4.pdb.gz	202	1	0	2	1
O15047	202	E	G	AF-O15047-F1-model_v4.pdb.gz	202	1	1	2	1
O15047	213	T	M	AF-O15047-F1-model_v4.pdb.gz	213	4	4	4	4
O15047	215	E	K	AF-O15047-F1-model_v4.pdb.gz	215	1	2	1	2
O15047	217	R	C	AF-O15047-F1-model_v4.pdb.gz	217	3	5	3	6
O15047	217	R	H	AF-O15047-F1-model_v4.pdb.gz	217	0	1	3	6
O15047	218	R	C	AF-O15047-F1-model_v4.pdb.gz	218	0	3	3	5
O15047	218	R	H	AF-O15047-F1-model_v4.pdb.gz	218	3	2	3	5
O15047	219	R	C	AF-O15047-F1-model_v4.pdb.gz	219	4	3	4	5
O15047	219	R	H	AF-O15047-F1-model_v4.pdb.gz	219	0	2	4	5
O15047	223	D	N	AF-O15047-F1-model_v4.pdb.gz	223	3	0	3	2
O15047	223	D	H	AF-O15047-F1-model_v4.pdb.gz	223	0	1	3	2
O15047	223	D	G	AF-O15047-F1-model_v4.pdb.gz	223	0	1	3	2
O15047	224	T	P	AF-O15047-F1-model_v4.pdb.gz	224	1	2	5	9
O15047	224	T	K	AF-O15047-F1-model_v4.pdb.gz	224	2	6	5	9
O15047	224	T	R	AF-O15047-F1-model_v4.pdb.gz	224	2	1	5	9
O15047	228	P	T	AF-O15047-F1-model_v4.pdb.gz	228	2	3	2	3
O15047	232	T	A	AF-O15047-F1-model_v4.pdb.gz	232	3	0	4	1
O15047	232	T	I	AF-O15047-F1-model_v4.pdb.gz	232	1	1	4	1
O15047	233	A	T	AF-O15047-F1-model_v4.pdb.gz	233	1	0	1	4
O15047	233	A	V	AF-O15047-F1-model_v4.pdb.gz	233	0	4	1	4
O15047	242	P	R	AF-O15047-F1-model_v4.pdb.gz	242	0	1	1	1
O15047	242	P	L	AF-O15047-F1-model_v4.pdb.gz	242	1	0	1	1
O15047	244	S	P	AF-O15047-F1-model_v4.pdb.gz	244	2	1	3	3
O15047	244	S	F	AF-O15047-F1-model_v4.pdb.gz	244	1	2	3	3
O15047	249	F	L	AF-O15047-F1-model_v4.pdb.gz	249	1	1	1	1
O15047	253	R	Q	AF-O15047-F1-model_v4.pdb.gz	253	2	4	2	4
O15047	256	T	S	AF-O15047-F1-model_v4.pdb.gz	256	1	0	1	3
O15047	256	T	I	AF-O15047-F1-model_v4.pdb.gz	256	0	3	1	3
O15047	258	S	F	AF-O15047-F1-model_v4.pdb.gz	258	1	2	1	2
O15047	271	T	P	AF-O15047-F1-model_v4.pdb.gz	271	5	2	5	2
O15047	276	R	Q	AF-O15047-F1-model_v4.pdb.gz	276	3	4	3	4
O15047	279	T	P	AF-O15047-F1-model_v4.pdb.gz	279	0	1	1	1
O15047	279	T	I	AF-O15047-F1-model_v4.pdb.gz	279	1	0	1	1
O15047	280	P	S	AF-O15047-F1-model_v4.pdb.gz	280	0	1	1	1
O15047	280	P	L	AF-O15047-F1-model_v4.pdb.gz	280	1	0	1	1
O15047	294	T	A	AF-O15047-F1-model_v4.pdb.gz	294	1	1	1	1
O15047	295	S	Y	AF-O15047-F1-model_v4.pdb.gz	295	1	1	1	1
O15047	299	R	W	AF-O15047-F1-model_v4.pdb.gz	299	0	2	1	2
O15047	299	R	Q	AF-O15047-F1-model_v4.pdb.gz	299	1	0	1	2
O15047	300	R	W	AF-O15047-F1-model_v4.pdb.gz	300	1	3	1	5
O15047	300	R	Q	AF-O15047-F1-model_v4.pdb.gz	300	0	2	1	5
O15047	308	A	T	AF-O15047-F1-model_v4.pdb.gz	308	0	2	1	2
O15047	308	A	V	AF-O15047-F1-model_v4.pdb.gz	308	1	0	1	2
O15047	311	R	C	AF-O15047-F1-model_v4.pdb.gz	311	1	2	1	5
O15047	311	R	H	AF-O15047-F1-model_v4.pdb.gz	311	0	3	1	5
O15047	312	R	C	AF-O15047-F1-model_v4.pdb.gz	312	2	4	2	7
O15047	312	R	H	AF-O15047-F1-model_v4.pdb.gz	312	0	3	2	7
O15047	316	A	V	AF-O15047-F1-model_v4.pdb.gz	316	1	1	1	1
O15047	323	A	P	AF-O15047-F1-model_v4.pdb.gz	323	1	0	1	1
O15047	323	A	V	AF-O15047-F1-model_v4.pdb.gz	323	0	1	1	1
O15047	328	A	T	AF-O15047-F1-model_v4.pdb.gz	328	1	5	1	5
O15047	331	T	A	AF-O15047-F1-model_v4.pdb.gz	331	1	0	3	6
O15047	331	T	S	AF-O15047-F1-model_v4.pdb.gz	331	2	4	3	6
O15047	331	T	I	AF-O15047-F1-model_v4.pdb.gz	331	0	2	3	6
O15047	334	T	P	AF-O15047-F1-model_v4.pdb.gz	334	0	1	1	2
O15047	334	T	N	AF-O15047-F1-model_v4.pdb.gz	334	1	0	1	2
O15047	334	T	I	AF-O15047-F1-model_v4.pdb.gz	334	0	1	1	2
O15047	335	A	T	AF-O15047-F1-model_v4.pdb.gz	335	1	1	3	1
O15047	335	A	S	AF-O15047-F1-model_v4.pdb.gz	335	1	0	3	1
O15047	335	A	D	AF-O15047-F1-model_v4.pdb.gz	335	1	0	3	1
O15047	367	P	A	AF-O15047-F1-model_v4.pdb.gz	367	0	1	1	2
O15047	367	P	L	AF-O15047-F1-model_v4.pdb.gz	367	1	1	1	2
O15047	368	A	T	AF-O15047-F1-model_v4.pdb.gz	368	0	1	2	5
O15047	368	A	V	AF-O15047-F1-model_v4.pdb.gz	368	2	4	2	5
O15047	374	N	T	AF-O15047-F1-model_v4.pdb.gz	374	1	1	1	1
O15047	375	R	C	AF-O15047-F1-model_v4.pdb.gz	375	1	4	2	8
O15047	375	R	H	AF-O15047-F1-model_v4.pdb.gz	375	1	1	2	8
O15047	375	R	L	AF-O15047-F1-model_v4.pdb.gz	375	0	3	2	8
O15047	378	R	C	AF-O15047-F1-model_v4.pdb.gz	378	0	2	1	2
O15047	378	R	H	AF-O15047-F1-model_v4.pdb.gz	378	1	0	1	2
O15047	380	T	A	AF-O15047-F1-model_v4.pdb.gz	380	1	0	2	1
O15047	380	T	I	AF-O15047-F1-model_v4.pdb.gz	380	1	1	2	1
O15047	383	P	L	AF-O15047-F1-model_v4.pdb.gz	383	5	1	5	1
O15047	385	R	H	AF-O15047-F1-model_v4.pdb.gz	385	1	3	1	3
O15047	386	R	W	AF-O15047-F1-model_v4.pdb.gz	386	0	1	4	7
O15047	386	R	Q	AF-O15047-F1-model_v4.pdb.gz	386	3	6	4	7
O15047	386	R	P	AF-O15047-F1-model_v4.pdb.gz	386	1	0	4	7
O15047	393	P	S	AF-O15047-F1-model_v4.pdb.gz	393	3	3	3	5
O15047	393	P	L	AF-O15047-F1-model_v4.pdb.gz	393	0	2	3	5
O15047	396	P	S	AF-O15047-F1-model_v4.pdb.gz	396	1	2	1	2
O15047	402	A	T	AF-O15047-F1-model_v4.pdb.gz	402	2	1	2	2
O15047	402	A	V	AF-O15047-F1-model_v4.pdb.gz	402	0	1	2	2
O15047	404	R	G	AF-O15047-F1-model_v4.pdb.gz	404	1	0	1	2
O15047	404	R	C	AF-O15047-F1-model_v4.pdb.gz	404	0	2	1	2
O15047	407	P	S	AF-O15047-F1-model_v4.pdb.gz	407	6	3	7	5
O15047	407	P	L	AF-O15047-F1-model_v4.pdb.gz	407	1	2	7	5
O15047	411	S	T	AF-O15047-F1-model_v4.pdb.gz	411	1	0	1	1
O15047	411	S	F	AF-O15047-F1-model_v4.pdb.gz	411	0	1	1	1
O15047	414	P	T	AF-O15047-F1-model_v4.pdb.gz	414	0	3	3	3
O15047	414	P	S	AF-O15047-F1-model_v4.pdb.gz	414	3	0	3	3
O15047	415	P	A	AF-O15047-F1-model_v4.pdb.gz	415	1	1	1	2
O15047	415	P	R	AF-O15047-F1-model_v4.pdb.gz	415	0	1	1	2
O15047	419	R	Q	AF-O15047-F1-model_v4.pdb.gz	419	1	4	1	4
O15047	421	T	S	AF-O15047-F1-model_v4.pdb.gz	421	4	5	4	5
O15047	426	R	Q	AF-O15047-F1-model_v4.pdb.gz	426	4	5	4	6
O15047	426	R	L	AF-O15047-F1-model_v4.pdb.gz	426	0	1	4	6
O15047	428	P	L	AF-O15047-F1-model_v4.pdb.gz	428	3	4	3	4
O15047	429	A	T	AF-O15047-F1-model_v4.pdb.gz	429	1	0	1	2
O15047	429	A	P	AF-O15047-F1-model_v4.pdb.gz	429	0	1	1	2
O15047	429	A	S	AF-O15047-F1-model_v4.pdb.gz	429	0	1	1	2
O15047	435	P	S	AF-O15047-F1-model_v4.pdb.gz	435	1	3	4	8
O15047	435	P	L	AF-O15047-F1-model_v4.pdb.gz	435	3	5	4	8
O15047	440	P	R	AF-O15047-F1-model_v4.pdb.gz	440	2	1	2	1
O15047	457	R	W	AF-O15047-F1-model_v4.pdb.gz	457	2	1	6	5
O15047	457	R	Q	AF-O15047-F1-model_v4.pdb.gz	457	4	4	6	5
O15047	461	R	G	AF-O15047-F1-model_v4.pdb.gz	461	1	2	2	5
O15047	461	R	H	AF-O15047-F1-model_v4.pdb.gz	461	1	3	2	5
O15047	466	A	T	AF-O15047-F1-model_v4.pdb.gz	466	1	0	1	1
O15047	466	A	V	AF-O15047-F1-model_v4.pdb.gz	466	0	1	1	1
O15047	467	R	G	AF-O15047-F1-model_v4.pdb.gz	467	2	2	2	2
O15047	472	A	G	AF-O15047-F1-model_v4.pdb.gz	472	1	1	2	2
O15047	472	A	V	AF-O15047-F1-model_v4.pdb.gz	472	1	1	2	2
O15047	500	R	C	AF-O15047-F1-model_v4.pdb.gz	500	0	4	2	4
O15047	500	R	H	AF-O15047-F1-model_v4.pdb.gz	500	2	0	2	4
O15047	507	A	T	AF-O15047-F1-model_v4.pdb.gz	507	0	1	1	4
O15047	507	A	V	AF-O15047-F1-model_v4.pdb.gz	507	1	3	1	4
O15047	526	T	K	AF-O15047-F1-model_v4.pdb.gz	526	0	1	3	1
O15047	526	T	R	AF-O15047-F1-model_v4.pdb.gz	526	3	0	3	1
O15047	527	G	A	AF-O15047-F1-model_v4.pdb.gz	527	1	2	1	2
O15047	530	V	M	AF-O15047-F1-model_v4.pdb.gz	530	1	1	2	1
O15047	530	V	A	AF-O15047-F1-model_v4.pdb.gz	530	1	0	2	1
O15047	539	C	Y	AF-O15047-F1-model_v4.pdb.gz	539	1	1	1	1
O15047	542	P	T	AF-O15047-F1-model_v4.pdb.gz	542	1	4	3	6
O15047	542	P	A	AF-O15047-F1-model_v4.pdb.gz	542	2	1	3	6
O15047	542	P	L	AF-O15047-F1-model_v4.pdb.gz	542	0	1	3	6
O15047	543	P	L	AF-O15047-F1-model_v4.pdb.gz	543	1	4	1	4
O15047	563	R	W	AF-O15047-F1-model_v4.pdb.gz	563	2	0	4	6
O15047	563	R	Q	AF-O15047-F1-model_v4.pdb.gz	563	2	6	4	6
O15047	564	E	K	AF-O15047-F1-model_v4.pdb.gz	564	0	3	1	3
O15047	564	E	G	AF-O15047-F1-model_v4.pdb.gz	564	1	0	1	3
O15047	565	S	T	AF-O15047-F1-model_v4.pdb.gz	565	1	1	2	1
O15047	565	S	C	AF-O15047-F1-model_v4.pdb.gz	565	1	0	2	1
O15047	571	Q	R	AF-O15047-F1-model_v4.pdb.gz	571	1	2	1	2
O15047	574	A	P	AF-O15047-F1-model_v4.pdb.gz	574	0	3	1	3
O15047	574	A	V	AF-O15047-F1-model_v4.pdb.gz	574	1	0	1	3
O15047	577	C	R	AF-O15047-F1-model_v4.pdb.gz	577	1	1	1	1
O15047	581	D	Y	AF-O15047-F1-model_v4.pdb.gz	581	1	2	1	2
O15047	584	E	D	AF-O15047-F1-model_v4.pdb.gz	584	1	2	1	2
O15047	590	R	Q	AF-O15047-F1-model_v4.pdb.gz	590	3	2	3	3
O15047	590	R	L	AF-O15047-F1-model_v4.pdb.gz	590	0	1	3	3
O15047	593	S	L	AF-O15047-F1-model_v4.pdb.gz	593	1	4	1	4
O15047	595	P	T	AF-O15047-F1-model_v4.pdb.gz	595	2	6	3	6
O15047	595	P	R	AF-O15047-F1-model_v4.pdb.gz	595	1	0	3	6
O15047	599	T	S	AF-O15047-F1-model_v4.pdb.gz	599	1	0	4	3
O15047	599	T	R	AF-O15047-F1-model_v4.pdb.gz	599	2	2	4	3
O15047	599	T	M	AF-O15047-F1-model_v4.pdb.gz	599	1	1	4	3
O15047	600	P	S	AF-O15047-F1-model_v4.pdb.gz	600	0	1	1	1
O15047	600	P	H	AF-O15047-F1-model_v4.pdb.gz	600	1	0	1	1
O15047	611	P	L	AF-O15047-F1-model_v4.pdb.gz	611	3	6	3	6
O15047	619	A	T	AF-O15047-F1-model_v4.pdb.gz	619	1	0	1	1
O15047	619	A	V	AF-O15047-F1-model_v4.pdb.gz	619	0	1	1	1
O15047	629	Q	R	AF-O15047-F1-model_v4.pdb.gz	629	1	3	1	3
O15047	630	P	S	AF-O15047-F1-model_v4.pdb.gz	630	0	1	1	1
O15047	630	P	L	AF-O15047-F1-model_v4.pdb.gz	630	1	0	1	1
O15047	641	P	L	AF-O15047-F1-model_v4.pdb.gz	641	5	4	5	4
O15047	642	P	R	AF-O15047-F1-model_v4.pdb.gz	642	0	1	2	5
O15047	642	P	L	AF-O15047-F1-model_v4.pdb.gz	642	2	4	2	5
O15047	650	P	L	AF-O15047-F1-model_v4.pdb.gz	650	3	4	3	4
O15047	660	V	M	AF-O15047-F1-model_v4.pdb.gz	660	1	4	1	4
O15047	668	R	Q	AF-O15047-F1-model_v4.pdb.gz	668	1	3	2	3
O15047	668	R	L	AF-O15047-F1-model_v4.pdb.gz	668	1	0	2	3
O15047	694	R	Q	AF-O15047-F1-model_v4.pdb.gz	694	1	3	1	3
O15047	702	A	T	AF-O15047-F1-model_v4.pdb.gz	702	2	7	2	7
O15047	705	G	A	AF-O15047-F1-model_v4.pdb.gz	705	3	1	3	1
O15047	706	P	A	AF-O15047-F1-model_v4.pdb.gz	706	1	2	1	2
O15047	707	P	T	AF-O15047-F1-model_v4.pdb.gz	707	1	1	1	7
O15047	707	P	A	AF-O15047-F1-model_v4.pdb.gz	707	0	1	1	7
O15047	707	P	H	AF-O15047-F1-model_v4.pdb.gz	707	0	1	1	7
O15047	707	P	R	AF-O15047-F1-model_v4.pdb.gz	707	0	3	1	7
O15047	707	P	L	AF-O15047-F1-model_v4.pdb.gz	707	0	1	1	7
O15047	710	A	T	AF-O15047-F1-model_v4.pdb.gz	710	2	2	2	3
O15047	710	A	D	AF-O15047-F1-model_v4.pdb.gz	710	0	1	2	3
O15047	711	F	S	AF-O15047-F1-model_v4.pdb.gz	711	1	2	1	2
O15047	717	P	R	AF-O15047-F1-model_v4.pdb.gz	717	2	2	2	2
O15047	720	P	S	AF-O15047-F1-model_v4.pdb.gz	720	1	1	1	1
O15047	721	P	T	AF-O15047-F1-model_v4.pdb.gz	721	3	0	3	4
O15047	721	P	R	AF-O15047-F1-model_v4.pdb.gz	721	0	4	3	4
O15047	722	Q	L	AF-O15047-F1-model_v4.pdb.gz	722	1	1	2	2
O15047	722	Q	H	AF-O15047-F1-model_v4.pdb.gz	722	1	1	2	2
O15047	725	A	V	AF-O15047-F1-model_v4.pdb.gz	725	1	2	1	2
O15047	727	G	S	AF-O15047-F1-model_v4.pdb.gz	727	2	1	2	1
O15047	729	P	S	AF-O15047-F1-model_v4.pdb.gz	729	0	1	4	2
O15047	729	P	L	AF-O15047-F1-model_v4.pdb.gz	729	4	1	4	2
O15047	745	R	W	AF-O15047-F1-model_v4.pdb.gz	745	3	0	6	4
O15047	745	R	Q	AF-O15047-F1-model_v4.pdb.gz	745	3	4	6	4
O15047	749	H	L	AF-O15047-F1-model_v4.pdb.gz	749	2	6	2	6
O15047	750	L	V	AF-O15047-F1-model_v4.pdb.gz	750	2	1	3	1
O15047	750	L	Q	AF-O15047-F1-model_v4.pdb.gz	750	1	0	3	1
O15047	752	M	V	AF-O15047-F1-model_v4.pdb.gz	752	0	1	4	3
O15047	752	M	T	AF-O15047-F1-model_v4.pdb.gz	752	4	2	4	3
O15047	754	M	V	AF-O15047-F1-model_v4.pdb.gz	754	3	5	3	5
O15047	757	E	K	AF-O15047-F1-model_v4.pdb.gz	757	0	3	1	3
O15047	757	E	D	AF-O15047-F1-model_v4.pdb.gz	757	1	0	1	3
O15047	760	P	T	AF-O15047-F1-model_v4.pdb.gz	760	0	1	2	1
O15047	760	P	S	AF-O15047-F1-model_v4.pdb.gz	760	2	0	2	1
O15047	764	V	I	AF-O15047-F1-model_v4.pdb.gz	764	1	1	1	1
O15047	769	A	P	AF-O15047-F1-model_v4.pdb.gz	769	0	2	3	4
O15047	769	A	S	AF-O15047-F1-model_v4.pdb.gz	769	1	0	3	4
O15047	769	A	V	AF-O15047-F1-model_v4.pdb.gz	769	2	2	3	4
O15047	773	P	S	AF-O15047-F1-model_v4.pdb.gz	773	1	1	1	1
O15047	785	L	F	AF-O15047-F1-model_v4.pdb.gz	785	3	4	3	4
O15047	786	P	A	AF-O15047-F1-model_v4.pdb.gz	786	2	5	5	10
O15047	786	P	L	AF-O15047-F1-model_v4.pdb.gz	786	3	5	5	10
O15047	797	M	V	AF-O15047-F1-model_v4.pdb.gz	797	1	4	1	4
O15047	798	L	M	AF-O15047-F1-model_v4.pdb.gz	798	1	1	1	1
O15047	818	V	M	AF-O15047-F1-model_v4.pdb.gz	818	1	1	1	1
O15047	821	G	R	AF-O15047-F1-model_v4.pdb.gz	821	1	3	1	3
O15047	840	A	V	AF-O15047-F1-model_v4.pdb.gz	840	2	2	2	2
O15047	846	K	E	AF-O15047-F1-model_v4.pdb.gz	846	0	1	2	2
O15047	846	K	R	AF-O15047-F1-model_v4.pdb.gz	846	2	1	2	2
O15047	850	K	E	AF-O15047-F1-model_v4.pdb.gz	850	1	0	2	2
O15047	850	K	R	AF-O15047-F1-model_v4.pdb.gz	850	1	2	2	2
O15047	852	K	E	AF-O15047-F1-model_v4.pdb.gz	852	0	1	1	1
O15047	852	K	N	AF-O15047-F1-model_v4.pdb.gz	852	1	0	1	1
O15047	853	T	M	AF-O15047-F1-model_v4.pdb.gz	853	4	3	4	3
O15047	858	P	A	AF-O15047-F1-model_v4.pdb.gz	858	1	1	1	1
O15047	871	G	S	AF-O15047-F1-model_v4.pdb.gz	871	1	1	1	1
O15047	873	T	A	AF-O15047-F1-model_v4.pdb.gz	873	0	1	1	2
O15047	873	T	M	AF-O15047-F1-model_v4.pdb.gz	873	1	1	1	2
O15047	875	I	V	AF-O15047-F1-model_v4.pdb.gz	875	1	1	4	6
O15047	875	I	S	AF-O15047-F1-model_v4.pdb.gz	875	3	5	4	6
O15047	887	A	S	AF-O15047-F1-model_v4.pdb.gz	887	1	1	1	1
O15047	901	S	L	AF-O15047-F1-model_v4.pdb.gz	901	6	1	6	1
O15047	905	E	K	AF-O15047-F1-model_v4.pdb.gz	905	6	2	6	3
O15047	905	E	G	AF-O15047-F1-model_v4.pdb.gz	905	0	1	6	3
O15047	917	P	S	AF-O15047-F1-model_v4.pdb.gz	917	0	2	1	2
O15047	917	P	L	AF-O15047-F1-model_v4.pdb.gz	917	1	0	1	2
O15047	937	P	A	AF-O15047-F1-model_v4.pdb.gz	937	1	1	1	1
O15047	943	K	N	AF-O15047-F1-model_v4.pdb.gz	943	2	2	2	2
O15047	946	E	K	AF-O15047-F1-model_v4.pdb.gz	946	2	3	3	3
O15047	946	E	Q	AF-O15047-F1-model_v4.pdb.gz	946	1	0	3	3
O15047	948	R	Q	AF-O15047-F1-model_v4.pdb.gz	948	0	4	3	6
O15047	948	R	P	AF-O15047-F1-model_v4.pdb.gz	948	3	2	3	6
O15047	950	K	R	AF-O15047-F1-model_v4.pdb.gz	950	2	1	2	1
O15047	956	R	H	AF-O15047-F1-model_v4.pdb.gz	956	1	3	1	4
O15047	956	R	P	AF-O15047-F1-model_v4.pdb.gz	956	0	1	1	4
O15047	982	E	K	AF-O15047-F1-model_v4.pdb.gz	982	1	5	1	5
O15047	1001	T	A	AF-O15047-F1-model_v4.pdb.gz	1001	2	2	3	4
O15047	1001	T	R	AF-O15047-F1-model_v4.pdb.gz	1001	1	2	3	4
O15047	1004	S	L	AF-O15047-F1-model_v4.pdb.gz	1004	2	3	2	3
O15047	1009	E	K	AF-O15047-F1-model_v4.pdb.gz	1009	3	1	3	1
O15047	1012	D	N	AF-O15047-F1-model_v4.pdb.gz	1012	1	0	8	3
O15047	1012	D	G	AF-O15047-F1-model_v4.pdb.gz	1012	7	2	8	3
O15047	1012	D	E	AF-O15047-F1-model_v4.pdb.gz	1012	0	1	8	3
O15047	1016	K	E	AF-O15047-F1-model_v4.pdb.gz	1016	1	0	3	2
O15047	1016	K	T	AF-O15047-F1-model_v4.pdb.gz	1016	0	2	3	2
O15047	1016	K	R	AF-O15047-F1-model_v4.pdb.gz	1016	2	0	3	2
O15047	1020	Y	C	AF-O15047-F1-model_v4.pdb.gz	1020	1	1	1	1
O15047	1026	E	Q	AF-O15047-F1-model_v4.pdb.gz	1026	1	2	1	2
O15047	1033	S	C	AF-O15047-F1-model_v4.pdb.gz	1033	1	2	1	2
O15047	1036	S	N	AF-O15047-F1-model_v4.pdb.gz	1036	1	3	1	3
O15047	1066	E	Q	AF-O15047-F1-model_v4.pdb.gz	1066	0	3	5	7
O15047	1066	E	G	AF-O15047-F1-model_v4.pdb.gz	1066	3	1	5	7
O15047	1066	E	V	AF-O15047-F1-model_v4.pdb.gz	1066	2	3	5	7
O15047	1070	R	W	AF-O15047-F1-model_v4.pdb.gz	1070	1	6	3	7
O15047	1070	R	Q	AF-O15047-F1-model_v4.pdb.gz	1070	2	1	3	7
O15047	1081	P	A	AF-O15047-F1-model_v4.pdb.gz	1081	1	0	1	1
O15047	1081	P	R	AF-O15047-F1-model_v4.pdb.gz	1081	0	1	1	1
O15047	1088	T	P	AF-O15047-F1-model_v4.pdb.gz	1088	0	1	2	3
O15047	1088	T	M	AF-O15047-F1-model_v4.pdb.gz	1088	2	2	2	3
O15047	1093	E	K	AF-O15047-F1-model_v4.pdb.gz	1093	0	1	1	1
O15047	1093	E	G	AF-O15047-F1-model_v4.pdb.gz	1093	1	0	1	1
O15047	1096	V	M	AF-O15047-F1-model_v4.pdb.gz	1096	0	1	1	1
O15047	1096	V	G	AF-O15047-F1-model_v4.pdb.gz	1096	1	0	1	1
O15047	1104	P	A	AF-O15047-F1-model_v4.pdb.gz	1104	0	1	1	3
O15047	1104	P	L	AF-O15047-F1-model_v4.pdb.gz	1104	1	2	1	3
O15047	1110	E	K	AF-O15047-F1-model_v4.pdb.gz	1110	1	1	1	1
O15047	1115	P	T	AF-O15047-F1-model_v4.pdb.gz	1115	2	2	2	5
O15047	1115	P	R	AF-O15047-F1-model_v4.pdb.gz	1115	0	3	2	5
O15047	1124	E	D	AF-O15047-F1-model_v4.pdb.gz	1124	0	2	1	8
O15047	1124	E	D	AF-O15047-F1-model_v4.pdb.gz	1124	1	6	1	8
O15047	1126	P	S	AF-O15047-F1-model_v4.pdb.gz	1126	3	4	3	4
O15047	1127	P	T	AF-O15047-F1-model_v4.pdb.gz	1127	0	1	3	5
O15047	1127	P	H	AF-O15047-F1-model_v4.pdb.gz	1127	0	1	3	5
O15047	1127	P	R	AF-O15047-F1-model_v4.pdb.gz	1127	2	2	3	5
O15047	1127	P	L	AF-O15047-F1-model_v4.pdb.gz	1127	1	1	3	5
O15047	1132	R	C	AF-O15047-F1-model_v4.pdb.gz	1132	3	5	5	5
O15047	1132	R	H	AF-O15047-F1-model_v4.pdb.gz	1132	2	0	5	5
O15047	1134	P	S	AF-O15047-F1-model_v4.pdb.gz	1134	0	2	1	2
O15047	1134	P	L	AF-O15047-F1-model_v4.pdb.gz	1134	1	0	1	2
O15047	1140	P	S	AF-O15047-F1-model_v4.pdb.gz	1140	0	1	1	1
O15047	1140	P	R	AF-O15047-F1-model_v4.pdb.gz	1140	1	0	1	1
O15047	1141	P	S	AF-O15047-F1-model_v4.pdb.gz	1141	1	0	1	2
O15047	1141	P	L	AF-O15047-F1-model_v4.pdb.gz	1141	0	2	1	2
O15047	1146	R	C	AF-O15047-F1-model_v4.pdb.gz	1146	1	0	1	4
O15047	1146	R	H	AF-O15047-F1-model_v4.pdb.gz	1146	0	3	1	4
O15047	1146	R	L	AF-O15047-F1-model_v4.pdb.gz	1146	0	1	1	4
O15047	1148	D	N	AF-O15047-F1-model_v4.pdb.gz	1148	0	3	2	6
O15047	1148	D	Y	AF-O15047-F1-model_v4.pdb.gz	1148	0	2	2	6
O15047	1148	D	V	AF-O15047-F1-model_v4.pdb.gz	1148	2	0	2	6
O15047	1148	D	E	AF-O15047-F1-model_v4.pdb.gz	1148	0	1	2	6
O15047	1150	R	C	AF-O15047-F1-model_v4.pdb.gz	1150	0	2	1	3
O15047	1150	R	H	AF-O15047-F1-model_v4.pdb.gz	1150	1	1	1	3
O15047	1158	L	V	AF-O15047-F1-model_v4.pdb.gz	1158	3	2	3	2
O15047	1170	F	S	AF-O15047-F1-model_v4.pdb.gz	1170	2	3	2	3
O15047	1173	I	F	AF-O15047-F1-model_v4.pdb.gz	1173	1	1	1	2
O15047	1173	I	M	AF-O15047-F1-model_v4.pdb.gz	1173	0	1	1	2
O15047	1177	P	S	AF-O15047-F1-model_v4.pdb.gz	1177	1	0	1	1
O15047	1177	P	L	AF-O15047-F1-model_v4.pdb.gz	1177	0	1	1	1
O15047	1179	P	A	AF-O15047-F1-model_v4.pdb.gz	1179	3	2	3	4
O15047	1179	P	R	AF-O15047-F1-model_v4.pdb.gz	1179	0	2	3	4
O15047	1181	P	T	AF-O15047-F1-model_v4.pdb.gz	1181	0	1	1	1
O15047	1181	P	S	AF-O15047-F1-model_v4.pdb.gz	1181	1	0	1	1
O15047	1185	T	I	AF-O15047-F1-model_v4.pdb.gz	1185	1	1	1	1
O15047	1186	P	L	AF-O15047-F1-model_v4.pdb.gz	1186	3	2	3	2
O15047	1190	K	R	AF-O15047-F1-model_v4.pdb.gz	1190	1	2	1	2
O15047	1193	G	S	AF-O15047-F1-model_v4.pdb.gz	1193	1	1	1	1
O15047	1194	P	S	AF-O15047-F1-model_v4.pdb.gz	1194	3	5	3	5
O15047	1197	R	H	AF-O15047-F1-model_v4.pdb.gz	1197	1	4	2	4
O15047	1197	R	L	AF-O15047-F1-model_v4.pdb.gz	1197	1	0	2	4
O15047	1198	K	E	AF-O15047-F1-model_v4.pdb.gz	1198	1	1	1	1
O15047	1200	P	S	AF-O15047-F1-model_v4.pdb.gz	1200	0	1	1	1
O15047	1200	P	L	AF-O15047-F1-model_v4.pdb.gz	1200	1	0	1	1
O15047	1201	R	W	AF-O15047-F1-model_v4.pdb.gz	1201	2	2	2	2
O15047	1202	G	D	AF-O15047-F1-model_v4.pdb.gz	1202	1	0	1	1
O15047	1202	G	A	AF-O15047-F1-model_v4.pdb.gz	1202	0	1	1	1
O15047	1203	V	M	AF-O15047-F1-model_v4.pdb.gz	1203	3	5	3	5
O15047	1208	R	H	AF-O15047-F1-model_v4.pdb.gz	1208	1	5	2	5
O15047	1208	R	P	AF-O15047-F1-model_v4.pdb.gz	1208	1	0	2	5
O15047	1230	R	Q	AF-O15047-F1-model_v4.pdb.gz	1230	1	1	1	1
O15047	1241	E	K	AF-O15047-F1-model_v4.pdb.gz	1241	3	1	3	1
O15047	1249	T	A	AF-O15047-F1-model_v4.pdb.gz	1249	1	3	1	3
O15047	1251	V	M	AF-O15047-F1-model_v4.pdb.gz	1251	2	2	2	2
O15047	1254	A	V	AF-O15047-F1-model_v4.pdb.gz	1254	2	1	2	1
O15047	1260	A	S	AF-O15047-F1-model_v4.pdb.gz	1260	2	1	2	1
O15047	1263	P	S	AF-O15047-F1-model_v4.pdb.gz	1263	7	2	7	2
O15047	1265	R	W	AF-O15047-F1-model_v4.pdb.gz	1265	2	4	4	8
O15047	1265	R	Q	AF-O15047-F1-model_v4.pdb.gz	1265	2	4	4	8
O15047	1266	R	C	AF-O15047-F1-model_v4.pdb.gz	1266	1	3	3	9
O15047	1266	R	H	AF-O15047-F1-model_v4.pdb.gz	1266	2	6	3	9
O15047	1267	G	R	AF-O15047-F1-model_v4.pdb.gz	1267	1	2	1	2
O15047	1269	P	S	AF-O15047-F1-model_v4.pdb.gz	1269	0	2	1	2
O15047	1269	P	L	AF-O15047-F1-model_v4.pdb.gz	1269	1	0	1	2
O15047	1285	E	K	AF-O15047-F1-model_v4.pdb.gz	1285	1	1	2	2
O15047	1285	E	Q	AF-O15047-F1-model_v4.pdb.gz	1285	1	1	2	2
O15047	1288	R	H	AF-O15047-F1-model_v4.pdb.gz	1288	3	1	3	1
O15047	1292	L	M	AF-O15047-F1-model_v4.pdb.gz	1292	2	1	2	1
O15047	1297	L	F	AF-O15047-F1-model_v4.pdb.gz	1297	1	1	1	1
O15047	1305	A	T	AF-O15047-F1-model_v4.pdb.gz	1305	0	2	1	2
O15047	1305	A	V	AF-O15047-F1-model_v4.pdb.gz	1305	1	0	1	2
O15047	1316	R	W	AF-O15047-F1-model_v4.pdb.gz	1316	1	3	1	3
O15047	1323	A	T	AF-O15047-F1-model_v4.pdb.gz	1323	2	1	2	1
O15047	1324	P	S	AF-O15047-F1-model_v4.pdb.gz	1324	1	1	1	1
O15047	1325	A	T	AF-O15047-F1-model_v4.pdb.gz	1325	3	5	3	5
O15047	1326	A	T	AF-O15047-F1-model_v4.pdb.gz	1326	1	2	1	2
O15047	1329	S	N	AF-O15047-F1-model_v4.pdb.gz	1329	0	1	3	1
O15047	1329	S	T	AF-O15047-F1-model_v4.pdb.gz	1329	3	0	3	1
O15047	1332	A	V	AF-O15047-F1-model_v4.pdb.gz	1332	2	1	2	1
O15047	1333	D	Y	AF-O15047-F1-model_v4.pdb.gz	1333	0	1	1	2
O15047	1333	D	V	AF-O15047-F1-model_v4.pdb.gz	1333	1	1	1	2
O15047	1346	A	V	AF-O15047-F1-model_v4.pdb.gz	1346	2	7	2	7
O15047	1347	E	K	AF-O15047-F1-model_v4.pdb.gz	1347	1	1	2	1
O15047	1347	E	Q	AF-O15047-F1-model_v4.pdb.gz	1347	1	0	2	1
O15047	1352	Q	P	AF-O15047-F1-model_v4.pdb.gz	1352	2	7	2	7
O15047	1392	R	C	AF-O15047-F1-model_v4.pdb.gz	1392	1	2	1	2
O15047	1437	S	L	AF-O15047-F1-model_v4.pdb.gz	1437	1	2	1	2
O15047	1444	R	W	AF-O15047-F1-model_v4.pdb.gz	1444	1	0	2	1
O15047	1444	R	Q	AF-O15047-F1-model_v4.pdb.gz	1444	1	1	2	1
O15047	1448	E	K	AF-O15047-F1-model_v4.pdb.gz	1448	1	2	1	2
O15047	1449	R	G	AF-O15047-F1-model_v4.pdb.gz	1449	1	2	2	5
O15047	1449	R	W	AF-O15047-F1-model_v4.pdb.gz	1449	0	2	2	5
O15047	1449	R	Q	AF-O15047-F1-model_v4.pdb.gz	1449	1	1	2	5
O15047	1464	H	L	AF-O15047-F1-model_v4.pdb.gz	1464	1	2	1	2
O15047	1475	T	I	AF-O15047-F1-model_v4.pdb.gz	1475	1	1	1	1
O15047	1476	P	Q	AF-O15047-F1-model_v4.pdb.gz	1476	1	0	1	1
O15047	1476	P	L	AF-O15047-F1-model_v4.pdb.gz	1476	0	1	1	1
O15047	1478	R	C	AF-O15047-F1-model_v4.pdb.gz	1478	3	0	5	2
O15047	1478	R	H	AF-O15047-F1-model_v4.pdb.gz	1478	2	2	5	2
O15047	1480	R	W	AF-O15047-F1-model_v4.pdb.gz	1480	0	1	1	2
O15047	1480	R	Q	AF-O15047-F1-model_v4.pdb.gz	1480	1	1	1	2
O15047	1481	R	W	AF-O15047-F1-model_v4.pdb.gz	1481	1	1	2	2
O15047	1481	R	Q	AF-O15047-F1-model_v4.pdb.gz	1481	1	1	2	2
O15047	1487	R	W	AF-O15047-F1-model_v4.pdb.gz	1487	2	2	2	4
O15047	1487	R	Q	AF-O15047-F1-model_v4.pdb.gz	1487	0	2	2	4
O15047	1515	P	S	AF-O15047-F1-model_v4.pdb.gz	1515	0	1	4	2
O15047	1515	P	L	AF-O15047-F1-model_v4.pdb.gz	1515	4	1	4	2
O15047	1517	S	P	AF-O15047-F1-model_v4.pdb.gz	1517	0	1	1	3
O15047	1517	S	W	AF-O15047-F1-model_v4.pdb.gz	1517	0	1	1	3
O15047	1517	S	L	AF-O15047-F1-model_v4.pdb.gz	1517	1	1	1	3
O15047	1519	R	W	AF-O15047-F1-model_v4.pdb.gz	1519	1	3	1	4
O15047	1519	R	Q	AF-O15047-F1-model_v4.pdb.gz	1519	0	1	1	4
O15047	1523	G	S	AF-O15047-F1-model_v4.pdb.gz	1523	4	3	4	3
O15047	1532	V	M	AF-O15047-F1-model_v4.pdb.gz	1532	1	1	1	1
O15047	1536	R	H	AF-O15047-F1-model_v4.pdb.gz	1536	1	1	1	1
O15047	1541	R	Q	AF-O15047-F1-model_v4.pdb.gz	1541	1	1	1	1
O15047	1567	K	R	AF-O15047-F1-model_v4.pdb.gz	1567	0	1	4	5
O15047	1567	K	N	AF-O15047-F1-model_v4.pdb.gz	1567	4	4	4	5
O15047	1574	R	W	AF-O15047-F1-model_v4.pdb.gz	1574	4	3	5	7
O15047	1574	R	Q	AF-O15047-F1-model_v4.pdb.gz	1574	1	4	5	7
O15047	1581	G	D	AF-O15047-F1-model_v4.pdb.gz	1581	1	1	1	1
O15047	1613	R	C	AF-O15047-F1-model_v4.pdb.gz	1613	3	6	5	12
O15047	1613	R	H	AF-O15047-F1-model_v4.pdb.gz	1613	2	6	5	12
O15047	1616	Q	R	AF-O15047-F1-model_v4.pdb.gz	1616	0	1	2	1
O15047	1616	Q	H	AF-O15047-F1-model_v4.pdb.gz	1616	2	0	2	1
O15047	1626	R	G	AF-O15047-F1-model_v4.pdb.gz	1626	0	1	3	2
O15047	1626	R	W	AF-O15047-F1-model_v4.pdb.gz	1626	2	0	3	2
O15047	1626	R	Q	AF-O15047-F1-model_v4.pdb.gz	1626	1	1	3	2
O15047	1650	T	M	AF-O15047-F1-model_v4.pdb.gz	1650	1	5	1	5
O15047	1667	V	M	AF-O15047-F1-model_v4.pdb.gz	1667	1	2	1	3
O15047	1667	V	L	AF-O15047-F1-model_v4.pdb.gz	1667	0	1	1	3
O15047	1676	V	M	AF-O15047-F1-model_v4.pdb.gz	1676	2	5	2	5
O15047	1691	N	D	AF-O15047-F1-model_v4.pdb.gz	1691	2	0	4	4
O15047	1691	N	K	AF-O15047-F1-model_v4.pdb.gz	1691	2	4	4	4
